<?xml version="1.0" encoding="UTF-8"?>
<project-private xmlns="http://www.netbeans.org/ns/project-private/1">
    <editor-bookmarks xmlns="http://www.netbeans.org/ns/editor-bookmarks/2" lastBookmarkId="0"/>
    <open-files xmlns="http://www.netbeans.org/ns/projectui-open-files/2">
        <group>
            <file>file:/C:/Users/ernes_000/Documents/NetBeansProjects/EDD_U7_MiniProyectote/src/Cronometro.java</file>
            <file>file:/C:/Users/ernes_000/Documents/NetBeansProjects/EDD_U7_MiniProyectote/src/Lienzo.java</file>
            <file>file:/C:/Users/ernes_000/Documents/NetBeansProjects/EDD_U7_MiniProyectote/src/Ventana.java</file>
            <file>file:/C:/Users/ernes_000/Documents/NetBeansProjects/EDD_U7_MiniProyectote/src/Metodos.java</file>
        </group>
    </open-files>
</project-private>
